Workbook

Sheet XLS Worksheet
A1: full_name | B1: gt_plan | C1: gt_fact | D1: micro_plan | E1: micro_las_fact | F1: micro_lau_fact | G1: retrafic_plan | H1: retrafic_fact | I1: office_hours | J1: field_hours
A2: Дмитрий Хайдуров | B2: 1440 | C2: =SUM(C3,C12) -> 1739 | D2: =SUM(D3,D12) -> 2048 | E2: =SUM(E3,E12) -> 827 | F2: =SUM(F3,F12) -> 1070 | G2: =SUM(G3,G12) -> 240 | H2: =SUM(H3,H12) -> 150 | I2: 0 | J2: 0
A3: Алена Агаркова | B3: 720 | C3: =SUM(C4:C11) -> 886 | D3: 1024 | E3: =SUM(E4:E11) -> 425 | F3: =SUM(F4:F11) -> 529 | G3: 120 | H3: =SUM(H4:H11) -> 82 | I3: 0 | J3: 0
A4: Марго Диденко | B4: 90 | C4: =_xlfn.XLOOKUP(A4,[1]Август!$F:$F,[1]Август!$AA:$AA,0) -> 92 | D4: 128 | E4: =_xlfn.XLOOKUP(A4,[1]Август!$F:$F,[1]Август!$K:$K,0) -> 58 | F4: =_xlfn.XLOOKUP(A4,[1]Август!$F:$F,[1]Август!$L:$L,0) -> 76 | G4: 15 | H4: =_xlfn.XLOOKUP(A4,[1]Август!$F:$F,[1]Август!$T:$T,0) -> 12 | I4: 9.5 | J4: 44
A5: Владлена Попсуйко | B5: 90 | C5: =_xlfn.XLOOKUP(A5,[1]Август!$F:$F,[1]Август!$AA:$AA,0) -> 96 | D5: 128 | E5: =_xlfn.XLOOKUP(A5,[1]Август!$F:$F,[1]Август!$K:$K,0) -> 43 | F5: =_xlfn.XLOOKUP(A5,[1]Август!$F:$F,[1]Август!$L:$L,0) -> 55 | G5: 15 | H5: =_xlfn.XLOOKUP(A5,[1]Август!$F:$F,[1]Август!$T:$T,0) -> 7 | I5: 1 | J5: 27.50
A6: Камила Аминова | B6: 90 | C6: =_xlfn.XLOOKUP(A6,[1]Август!$F:$F,[1]Август!$AA:$AA,0) -> 80 | D6: 128 | E6: =_xlfn.XLOOKUP(A6,[1]Август!$F:$F,[1]Август!$K:$K,0) -> 38 | F6: =_xlfn.XLOOKUP(A6,[1]Август!$F:$F,[1]Август!$L:$L,0) -> 48 | G6: 15 | H6: =_xlfn.XLOOKUP(A6,[1]Август!$F:$F,[1]Август!$T:$T,0) -> 1 | I6: 0 | J6: 26
A7: Елена Синько | B7: 90 | C7: =_xlfn.XLOOKUP(A7,[1]Август!$F:$F,[1]Август!$AA:$AA,0) -> 158 | D7: 128 | E7: =_xlfn.XLOOKUP(A7,[1]Август!$F:$F,[1]Август!$K:$K,0) -> 60 | F7: =_xlfn.XLOOKUP(A7,[1]Август!$F:$F,[1]Август!$L:$L,0) -> 98 | G7: 15 | H7: =_xlfn.XLOOKUP(A7,[1]Август!$F:$F,[1]Август!$T:$T,0) -> 14 | I7: 7.5 | J7: 43
A8: Эмиль Козлов | B8: 90 | C8: =_xlfn.XLOOKUP(A8,[1]Август!$F:$F,[1]Август!$AA:$AA,0) -> 105 | D8: 128 | E8: =_xlfn.XLOOKUP(A8,[1]Август!$F:$F,[1]Август!$K:$K,0) -> 35 | F8: =_xlfn.XLOOKUP(A8,[1]Август!$F:$F,[1]Август!$L:$L,0) -> 69 | G8: 15 | H8: =_xlfn.XLOOKUP(A8,[1]Август!$F:$F,[1]Август!$T:$T,0) -> 6 | I8: 2 | J8: 28
A9: Даяна Кличханова | B9: 90 | C9: =_xlfn.XLOOKUP(A9,[1]Август!$F:$F,[1]Август!$AA:$AA,0) -> 101 | D9: 128 | E9: =_xlfn.XLOOKUP(A9,[1]Август!$F:$F,[1]Август!$K:$K,0) -> 61 | F9: =_xlfn.XLOOKUP(A9,[1]Август!$F:$F,[1]Август!$L:$L,0) -> 55 | G9: 15 | H9: =_xlfn.XLOOKUP(A9,[1]Август!$F:$F,[1]Август!$T:$T,0) -> 14 | I9: 8.5 | J9: 31
A10: Барно Матякубова | B10: 90 | C10: =_xlfn.XLOOKUP(A10,[1]Август!$F:$F,[1]Август!$AA:$AA,0) -> 105 | D10: 128 | E10: =_xlfn.XLOOKUP(A10,[1]Август!$F:$F,[1]Август!$K:$K,0) -> 55 | F10: =_xlfn.XLOOKUP(A10,[1]Август!$F:$F,[1]Август!$L:$L,0) -> 51 | G10: 15 | H10: =_xlfn.XLOOKUP(A10,[1]Август!$F:$F,[1]Август!$T:$T,0) -> 15 | I10: 7.5 | J10: 35
A11: Светлана Борухова | B11: 90 | C11: =_xlfn.XLOOKUP(A11,[1]Август!$F:$F,[1]Август!$AA:$AA,0) -> 149 | D11: 128 | E11: =_xlfn.XLOOKUP(A11,[1]Август!$F:$F,[1]Август!$K:$K,0) -> 75 | F11: =_xlfn.XLOOKUP(A11,[1]Август!$F:$F,[1]Август!$L:$L,0) -> 77 | G11: 15 | H11: =_xlfn.XLOOKUP(A11,[1]Август!$F:$F,[1]Август!$T:$T,0) -> 13 | I11: 2 | J11: 36
A12: Руслан Малинин | B12: 720 | C12: =SUM(C13:C20) -> 853 | D12: 1024 | E12: =SUM(E13:E20) -> 402 | F12: =SUM(F13:F20) -> 541 | G12: 120 | H12: =SUM(H13:H20) -> 68 | I12: 0 | J12: 0
A13: Алексия Ким | B13: 90 | C13: =_xlfn.XLOOKUP(A13,[1]Август!$F:$F,[1]Август!$AA:$AA,0) -> 123 | D13: 128 | E13: =_xlfn.XLOOKUP(A13,[1]Август!$F:$F,[1]Август!$K:$K,0) -> 59 | F13: =_xlfn.XLOOKUP(A13,[1]Август!$F:$F,[1]Август!$L:$L,0) -> 68 | G13: 15 | H13: =_xlfn.XLOOKUP(A13,[1]Август!$F:$F,[1]Август!$T:$T,0) -> 5 | I13: 9 | J13: 37
A14: Екатерина Харчевникова | B14: 90 | C14: =_xlfn.XLOOKUP(A14,[1]Август!$F:$F,[1]Август!$AA:$AA,0) -> 94 | D14: 128 | E14: =_xlfn.XLOOKUP(A14,[1]Август!$F:$F,[1]Август!$K:$K,0) -> 44 | F14: =_xlfn.XLOOKUP(A14,[1]Август!$F:$F,[1]Август!$L:$L,0) -> 75 | G14: 15 | H14: =_xlfn.XLOOKUP(A14,[1]Август!$F:$F,[1]Август!$T:$T,0) -> 2 | I14: 11 | J14: 32
A15: Анастасия Акбарова | B15: 90 | C15: =_xlfn.XLOOKUP(A15,[1]Август!$F:$F,[1]Август!$AA:$AA,0) -> 183 | D15: 128 | E15: =_xlfn.XLOOKUP(A15,[1]Август!$F:$F,[1]Август!$K:$K,0) -> 81 | F15: =_xlfn.XLOOKUP(A15,[1]Август!$F:$F,[1]Август!$L:$L,0) -> 110 | G15: 15 | H15: =_xlfn.XLOOKUP(A15,[1]Август!$F:$F,[1]Август!$T:$T,0) -> 13 | I15: 8 | J15: 39
A16: Валентина Бузрукова | B16: 90 | C16: =_xlfn.XLOOKUP(A16,[1]Август!$F:$F,[1]Август!$AA:$AA,0) -> 62 | D16: 128 | E16: =_xlfn.XLOOKUP(A16,[1]Август!$F:$F,[1]Август!$K:$K,0) -> 25 | F16: =_xlfn.XLOOKUP(A16,[1]Август!$F:$F,[1]Август!$L:$L,0) -> 60 | G16: 15 | H16: =_xlfn.XLOOKUP(A16,[1]Август!$F:$F,[1]Август!$T:$T,0) -> 2 | I16: 8.5 | J16: 22
A17: Александра Умарова | B17: 90 | C17: =_xlfn.XLOOKUP(A17,[1]Август!$F:$F,[1]Август!$AA:$AA,0) -> 92 | D17: 128 | E17: =_xlfn.XLOOKUP(A17,[1]Август!$F:$F,[1]Август!$K:$K,0) -> 50 | F17: =_xlfn.XLOOKUP(A17,[1]Август!$F:$F,[1]Август!$L:$L,0) -> 43 | G17: 15 | H17: =_xlfn.XLOOKUP(A17,[1]Август!$F:$F,[1]Август!$T:$T,0) -> 17 | I17: 9 | J17: 34
A18: Сабина Инамова | B18: 90 | C18: =_xlfn.XLOOKUP(A18,[1]Август!$F:$F,[1]Август!$AA:$AA,0) -> 94 | D18: 128 | E18: =_xlfn.XLOOKUP(A18,[1]Август!$F:$F,[1]Август!$K:$K,0) -> 37 | F18: =_xlfn.XLOOKUP(A18,[1]Август!$F:$F,[1]Август!$L:$L,0) -> 49 | G18: 15 | H18: =_xlfn.XLOOKUP(A18,[1]Август!$F:$F,[1]Август!$T:$T,0) -> 18 | I18: 2 | J18: 16
A19: Лада Сорочкина | B19: 90 | C19: =_xlfn.XLOOKUP(A19,[1]Август!$F:$F,[1]Август!$AA:$AA,0) -> 70 | D19: 128 | E19: =_xlfn.XLOOKUP(A19,[1]Август!$F:$F,[1]Август!$K:$K,0) -> 51 | F19: =_xlfn.XLOOKUP(A19,[1]Август!$F:$F,[1]Август!$L:$L,0) -> 66 | G19: 15 | H19: =_xlfn.XLOOKUP(A19,[1]Август!$F:$F,[1]Август!$T:$T,0) -> 7 | I19: 11 | J19: 30.50
A20: Диана Полищук | B20: 90 | C20: =_xlfn.XLOOKUP(A20,[1]Август!$F:$F,[1]Август!$AA:$AA,0) -> 135 | D20: 128 | E20: =_xlfn.XLOOKUP(A20,[1]Август!$F:$F,[1]Август!$K:$K,0) -> 55 | F20: =_xlfn.XLOOKUP(A20,[1]Август!$F:$F,[1]Август!$L:$L,0) -> 70 | G20: 15 | H20: =_xlfn.XLOOKUP(A20,[1]Август!$F:$F,[1]Август!$T:$T,0) -> 4 | I20: 0 | J20: 29
A22: Богдан Танаилов | B22: =B2 -> 1440 | C22: =C2 -> 1739 | D22: =D2 -> 2048 | E22: =E2 -> 827 | F22: =F2 -> 1070 | G22: =G2 -> 240 | H22: =H2 -> 150
